Column1,exercise_name,norm
679,Cable Forearm Shit,cable forearm shit
408,Weight Over Bar (Highland Games),weight over bar
523,PullAround,pullaround
713,Weight Over Bar,weight over bar
880,Dynamic Warm-up,dynamic warm up
776,Kneeling Landmine Pushes,kneeling landmine pushes
1504,Cycling Cardio,cycling cardio
1280,Dumbbell Swings,dumbbell swings
1188,Ladder Drills,ladder drills
564,Cycling,cycling
715,Heavy Weight For Distance,heavy weight for distance
1439,Long rope standing overhead ext,long rope standing overhead ext
1210,Loop band Exercise,loop band exercise
1414,Flex - Forearms (Placeholder),flex forearms
554,Rest,rest
1648,REST,rest
1111,Incline dumbell skiers,incline dumbell skiers
1607,Cycling Intervals,cycling intervals
1489,Lat Pullaround Cross Body,lat pullaround cross body
1373,Banded Baseball Complex,banded baseball complex
1432,90-90s,90 90s
1039,Facepulls,facepulls
933,Rest Day,rest day
1308,Toe Press,toe press
1660,Thoracic Spine Foam Rolling,thoracic spine foam rolling
688,Cable Woodchoppers,cable woodchoppers
1679,Dynamic Warmup,dynamic warmup
1659,Foam Rolling,foam rolling
700,Cable Tib Raises,cable tib raises
1747,Dynamic Mobility,dynamic mobility
857,Sled Push And Pull,sled push and pull
1532,Pulley,pulley
766,3 Count Pause Bench,3 count pause bench
639,Undershoot,undershoot
1765,Single-arm Sideways Sit Reverse Pec-Dec,single arm sideways sit reverse pec dec
1362,Leaning Overhead Extension,leaning overhead extension
938,MEOW MEOW,meow meow
1266,Warrior Post 3,warrior post 3
716,Competition (Placeholder),competition
1025,IYT (Banded),iyt
1264,Warrior Post 1,warrior post 1
1654,Seated Forward Fold,seated forward fold
1731,Assault Bike,assault bike
364,T Drll,t drll
1265,Warrior Post 2,warrior post 2
1370,I-Y-T : Reverse Banded,i y t reverse banded
514,Cable Woodchopper,cable woodchopper
1623,Front / Side Raises,front side raises
392,Sand Bag Conditioning,sand bag conditioning
372,21s (EZ Bar),21s
362,Half Kneeling Starts,half kneeling starts
1000,Pelvic Tilts,pelvic tilts
697,Isometric Barbrll hold,isometric barbrll hold
1636,Overhead Cable Rope Extention,overhead cable rope extention
907,Martial Arts,martial arts
1524,DB Gravediggers,db gravediggers
40,Reverse Pec Deck,reverse pec deck
839,Backward Run,backward run
704,Bear Hug,bear hug
1671,Heavy Bag / Shadow Boxing,heavy bag shadow boxing
1040,Loading,loading
758,Overhead Rope Extension,overhead rope extension
559,Optional Lower Body Accessory 1,optional lower body accessory 1
876,Bike,bike
1138,Bodyweight Side Lying Clamshell,bodyweight side lying clamshell
1060,Side Necks,side necks
571,Neck Flexion,neck flexion
1624,Lat Press Down,lat press down
1420,Flex - Horizontal Pull (Placeholder),flex horizontal pull
1441,Bar Assisted Pogo Hops,bar assisted pogo hops
1202,Medicine Ball Throw,medicine ball throw
892,AD Press (Smith Machine),ad press
1405,Swiss Bar Bench,swiss bar bench
1453,Reverse Cable Fly,reverse cable fly
749,Manmaker (Bodyweight),manmaker
1250,Forearm Roller,forearm roller
1372,Resisted Rotations,resisted rotations
401,Neck Extension,neck extension
581,Swim,swim
1620,YTI,yti
65,Pec Deck (Machine),pec deck
1297,Elastic Exercise Glutheus Min/Med.,elastic exercise glutheus min med
1390,Penguins 🐧,penguins
1516,Shoulder Dislocations W/ Band,shoulder dislocations w band
690,Facepull,facepull
931,Weighted GHD Machine,weighted ghd machine
636,Cartwheel,cartwheel
1409,Rest Pause - Horizontal Pull (Placeholder),rest pause horizontal pull
811,Deficit Exploding Pushup,deficit exploding pushup
1041,Paused Bench 2 Sec,paused bench 2 sec
1012,Speed Bench,speed bench
1216,"Smith Machine Assisted SLDL (12,10,8,6,4)",smith machine assisted sldl
1681,40m-200m,40m 200m
1664,Standing Thoracic Rotation,standing thoracic rotation
808,Superman Hold,superman hold
1779,Paused Barbell RDL,paused barbell rdl
1816,Bottom-Half Seated Cable Flye,bottom half seated cable flye
1057,Punching Bag,punching bag
937,Rotary Torso,rotary torso
1146,Side Lying Clam (Plate),side lying clam
1517,Banded Shoulder Extensions,banded shoulder extensions
1061,Cable Step Up,cable step up
1483,Superman Alternating Sides,superman alternating sides
745,Ruck,ruck
710,Light Weight For Distance,light weight for distance
986,Anterior Tibialis Raise,anterior tibialis raise
951,Pec Stretch,pec stretch
1275,Swan Dive,swan dive
1617,Is Ys Ts Ws,is ys ts ws
680,Forearm Shit,forearm shit
1562,Stair Master,stair master
1387,Bear Craw Isometric Hold,bear craw isometric hold
1676,RDLs,rdls
1001,Cat Cow Stretch,cat cow stretch
109,Dumbbell External Rotations,dumbbell external rotations
1408,Strength - Horizontal Push (Placeholder),strength horizontal push
183,Lateral Bear Crawl,lateral bear crawl
788,Any Sports,any sports
563,Stretching,stretching
1382,Close Grip Elevated Pushups,close grip elevated pushups
714,Sheaf Throw,sheaf throw
369,Peterson Step Ups,peterson step ups
481,Cardio (LISS),cardio
1824,Sandbag Floor Press,sandbag floor press
1089,Dealod Week,dealod week
1468,21’s Dumbbell,21 s dumbbell
1753,Sauna,sauna
903,RDL (Smith Machine),rdl
608,Neck Extension (Banded Or Plate),neck extension
1244,Elliptical Machine,elliptical machine
1151,Barbell RDL,barbell rdl
1424,Rest Pause - Biceps (Placeholder),rest pause biceps
1392,Dorsiflexion With Band,dorsiflexion with band
1746,Kennan Flap,kennan flap
1215,"Legg Press (12,10,8,6,4)",legg press
995,Lu Lateral Raises,lu lateral raises
1421,Rest Pause - Vertical Push (Placeholder),rest pause vertical push
1805,Bottom-Half DB Flye,bottom half db flye
1740,Banded Fire Hydrants,banded fire hydrants
829,45 Degree Back Raise,45 degree back raise
591,Burpee-Pullups,burpee pullups
1257,Reverse Grip Bench,reverse grip bench
1343,Shr,shr
743,Forearm,forearm
936,Barbell Front Raises,barbell front raises
1161,Chinese Lateral Elevations,chinese lateral elevations
1130,Scarecrows,scarecrows
497,Cobra Pushups,cobra pushups
1359,Standing Overhead Extension,standing overhead extension
1403,Rising,rising
1411,Rest Pause - Vertical Pull (Placeholder),rest pause vertical pull
87,VO2 Max Intervals,vo2 max intervals
1371,Single Arm Press - Iso Arms,single arm press iso arms
1189,Terminal Knee Extension,terminal knee extension
1394,Resisted Alternating Knee To Chest,resisted alternating knee to chest
1125,Deficit Handstand Push Up,deficit handstand push up
1334,Smith Machine Upright Rows,smith machine upright rows
1742,Deadbugs,deadbugs
1386,Side Knees To Elbows,side knees to elbows
1506,Bench T-Spine Stretch,bench t spine stretch
600,Sandbag Carry,sandbag carry
255,Katana Extension,katana extension
1400,Decline Dumbell Scullcrusher,decline dumbell scullcrusher
1147,B Stance rdl,b stance rdl
1410,Strength - Vertical Push (Placeholder),strength vertical push
1482,Superman Quad,superman quad
1137,Bodyweight RDL,bodyweight rdl
1675,SchräGbankdrüCken,schr gbankdr cken
708,Braemar Stone,braemar stone
621,Pushup And Chinup Frequency Method,pushup and chinup frequency method
890,Stair Stepper,stair stepper
1058,Lateral Step Up,lateral step up
412,Cardio,cardio
343,Pin Press Bench (Barbell),pin press bench
1757,Wall Assisted Handstand Pushup,wall assisted handstand pushup
1501,Sandbag Shoulder,sandbag shoulder
742,Windshield Wipers,windshield wipers
664,Nothing,nothing
263,Seated Flyes (Cables),seated flyes
1436,Step downs,step downs
451,Around The World,around the world
1323,KB Around The World,kb around the world
764,around the world,around the world
1127,Lu Raises,lu raises
499,Straight Arm Pushdown,straight arm pushdown
181,Narrow Push Up,narrow push up
1419,Flex - Horizontal Push (Placeholder),flex horizontal push
278,Tibialis,tibialis
659,Pushup With Rotation,pushup with rotation
822,Fire Hydrants,fire hydrants
1450,Wall Sit Hold,wall sit hold
1801,45° Incline Barbell Press,45 incline barbell press
1274,Double-Leg Stretch,double leg stretch
637,Round Off,round off
1200,Incline cable flies,incline cable flies
1065,Bench Press Incline (Close Grip),bench press incline
906,Exercise Club Movements,exercise club movements
1389,Butterfly Reverse,butterfly reverse
886,Single Arm Overhead Exte,single arm overhead exte
1477,Alternate Leg Raises,alternate leg raises
674,Snatch Complex,snatch complex
985,Sled Drive,sled drive
768,Tib Raises,tib raises
528,Figure Four Stretch,figure four stretch
421,Cross-Body Lat Pull-Around,cross body lat pull around
737,Suite Case Weight Transfer (Abs),suite case weight transfer
580,Shadow Kick Boxing,shadow kick boxing
1261,Machine Bench,machine bench
1643,Handstand Progression,handstand progression
620,Fasted Walking,fasted walking
1276,Single-Leg Stand,single leg stand
593,Yoga,yoga
889,Curtesy Step Up,curtesy step up
826,Wide Neutral Pullups,wide neutral pullups
1573,Deadbug,deadbug
526,Hurdler Stretch,hurdler stretch
815,Lateral Leg Raises,lateral leg raises
360,Lateral Med Ball Throw,lateral med ball throw
1172,dead hang time,dead hang time
1589,Kettlebell Toe Raise,kettlebell toe raise
1076,Sled Pull,sled pull
1393,Overhead Plate Circle,overhead plate circle
1352,Split stance KB Windmill,split stance kb windmill
732,Bent Over Reverse Fly,bent over reverse fly
1177,Arms Behind Back Shoulder Stretch,arms behind back shoulder stretch
842,Plyometric Jumps,plyometric jumps
1315,Backwards Sled Pull,backwards sled pull
1173,2 Handed Anyhow,2 handed anyhow
1590,Reverse-Grip Dumbbell Press,reverse grip dumbbell press
1571,Zercher RDL,zercher rdl
556,Agachamento Hack Sentado,agachamento hack sentado
506,PJR Pullover,pjr pullover
345,Light Jog,light jog
825,Seated Pin Press (Barbell),seated pin press
1495,Sandbag To Shoulder,sandbag to shoulder
480,Conditioning Circuit,conditioning circuit
840,50m Sprints,50m sprints
405,Seated Overhead Pin Press (Barbell),seated overhead pin press
1752,Zone 2 Cardio,zone 2 cardio
521,Skier,skier
703,Smith Machine Shrugs,smith machine shrugs
198,Wall Press Dead Bug,wall press dead bug
932,Weighted Wall Sits,weighted wall sits
199,Skull Crusher (Bodyweight),skull crusher
706,rice bucket,rice bucket
1384,Couch Touches,couch touches
972,Rope Cable Pullovers,rope cable pullovers
1166,bent press,bent press
961,Single Arm Snatch,single arm snatch
206,Double Leg Multi-Directional Pogo,double leg multi directional pogo
1379,Running In Place,running in place
1346,Oblique QL Side Raise,oblique ql side raise
1638,"Incline Treadmill Walk (5–10 Incline, 3.0 Speed)",incline treadmill walk
1253,Single Arm Dumbbell Press,single arm dumbbell press
1285,Alternating Good Morning,alternating good morning
154,cable press around,cable press around
1324,Kneeling Windmill Press,kneeling windmill press
1661,Thoracic Extension Stretch,thoracic extension stretch
898,Snatch Grip Shrugs,snatch grip shrugs
1626,Secondary Hold,secondary hold
1435,Lateral walks  (banded),lateral walks
1518,Zottman Curl In Deep Lunge,zottman curl in deep lunge
1347,Back Extension Crunches,back extension crunches
905,Shiko,shiko
346,Cardio (Zone 2),cardio
666,Elliptical,elliptical
1446,Diamond Pushups,diamond pushups
1691,RP Incline Hammer Strength Press,rp incline hammer strength press
455,Single Arm Pushdown,single arm pushdown
1208,Wood Chop (Resistance Band),wood chop
1303,kettlebell biceps,kettlebell biceps
769,Decline Hammer Strength,decline hammer strength
638,Cast Backward Circle,cast backward circle
871,Wood Chop (High To Low),wood chop
295,Incline Pushdown (Cable),incline pushdown
1505,Rotator Cuff (Seated - Kneesovertoes),rotator cuff
583,Thruster (Barbell),thruster
1272,Leg Circles,leg circles
453,Reverse Lunge To Overhead Press,reverse lunge to overhead press
540,Tip-Toe Walk,tip toe walk
498,Scap Pull Down,scap pull down
1498,Sandbag To Chest,sandbag to chest
681,Tibialis Raise,tibialis raise
1716,Neck Circles,neck circles
611,Planche Progression,planche progression
1473,Couch Stretch with Reachovers,couch stretch with reachovers
1737,Planche Progression Hold,planche progression hold
595,Lateral Med Ball Slam,lateral med ball slam
1647,Side Lying Leg Raises,side lying leg raises
566,Skull Crushers (Smith Machine),skull crushers
1190,Towel Hangs,towel hangs
1672,Butterfly DB,butterfly db
1526,Glute Hyperextension,glute hyperextension
860,Yoke Carry,yoke carry
1485,Lower Ab Leg Raises,lower ab leg raises
976,Single Arm Landline Press,single arm landline press
1434,Cable external rotation - elbow low,cable external rotation elbow low
1627,Titan's Telegraph,titan s telegraph
162,Iron Cross,iron cross
579,Warrior Pushup,warrior pushup
1514,90/90,90 90
1252,Power Jerk,power jerk
370,Single Arm Floor Press,single arm floor press
983,Reverse Sled Pull,reverse sled pull
1157,Barbell American Deadlift,barbell american deadlift
1120,Good Morning Seated,good morning seated
458,Pullover (EZ Bar),pullover
107,Stiff Leg Deficit Deadlift,stiff leg deficit deadlift
999,Clamshells,clamshells
1175,Neck Tilts,neck tilts
1298,Skater Jumps,skater jumps
858,Neck Harness,neck harness
1567,Alternating Sled Drag For Time,alternating sled drag for time
365,C Drill,c drill
1688,Yoga Class,yoga class
1646,Clamshells (Band),clamshells
561,Jog,jog
779,Hight To Low Woodchoppers,hight to low woodchoppers
205,Med Ball Slam,med ball slam
1443,Butt Blaster,butt blaster
1460,Backward Sled,backward sled
998,Lateral Jumps,lateral jumps
469,Deadlift (Deficit),deadlift
524,High Knee Tucks,high knee tucks
1181,Sitting Hamstring Stretch,sitting hamstring stretch
1133,Reverse Dumbbell Fly,reverse dumbbell fly
525,High Knee Run,high knee run
1618,External Rotations,external rotations
1639,Zercher Walks,zercher walks
997,Ball Slam,ball slam
1068,Cable Axe Chop,cable axe chop
1007,Tempo Overheadpress,tempo overheadpress
941,Bike Sprint,bike sprint
534,Single Leg Toe Touch,single leg toe touch
1467,Seated Deadlift,seated deadlift
1499,Sandbag  Press,sandbag press
354,Bounds,bounds
189,Bilateral Snapdown,bilateral snapdown
603,Sled Push Pull,sled push pull
1321,Knee To Feet Jumps,knee to feet jumps
626,Single Leg / Core Accessories,single leg core accessories
366,Partner Agility Drill,partner agility drill
1336,Dumbell Incline Shrugs,dumbell incline shrugs
617,Chest Supported Reverse Fly (Dumbbell),chest supported reverse fly
1652,Cobra Stretch,cobra stretch
1523,Chest Supported Curl,chest supported curl
515,Tricep Kick Back,tricep kick back
539,Heel Walk,heel walk
601,Mace Work,mace work
1449,Rope Pullover,rope pullover
1438,Long rope incline pushdown,long rope incline pushdown
266,Single Arm Pushdown (Cable),single arm pushdown
945,HIIT,hiit
956,Bicep Stretch,bicep stretch
34,Standing Pullover (Cable),standing pullover
699,Cable Angel Progression,cable angel progression
752,Burpee Broad Jumps,burpee broad jumps
1192,Band Extensions,band extensions
251,Farmer's Walk (Weighted),farmer s walk
470,Reaching Situp,reaching situp
476,Glute Med Kickback,glute med kickback
560,Dead Hang,dead hang
1678,Underhand Tricep Pulldown (EZ Bar),underhand tricep pulldown
1093,External Rotations (Cable),external rotations
286,Larsen Press (Barbell),larsen press
694,Captains Of Crush Gripper,captains of crush gripper
1487,One Leg Jack Knife,one leg jack knife
435,Cross-Body Y-Raise (Cable),cross body y raise
1304,tire with hammer,tire with hammer
684,Stir The Pot,stir the pot
527,Butt Kick Run,butt kick run
1092,Trap 3 Raise,trap 3 raise
1263,Downward Dog,downward dog
1290,Plank With Dumbbell Row,plank with dumbbell row
896,Lat Pushdown,lat pushdown
299,Dip (Assisted),dip
625,Pull Accessories,pull accessories
1169,chest expander pull apart,chest expander pull apart
404,Frame Hold,frame hold
662,Deadlift (Dumbbell),deadlift
605,Zercher Good Morning,zercher good morning
1769,"Ring Pull-up (Overhand, Neutral)",ring pull up
1550,Weighted Side Extensions,weighted side extensions
796,Z-Press (Dumbbell),z press
1003,Child'S Pose Strech,child s pose strech
276,Overhead Extension (Dumbbell),overhead extension
259,AD Press (Barbell),ad press
1301,Overhead Extension (Cable),overhead extension
1365,Low-To-High Cable Fly,low to high cable fly
477,Trap Bar Power Shrug,trap bar power shrug
899,Pause Press(Bench),pause press
529,Straight-Leg March,straight leg march
709,Open Stone,open stone
1509,Preacher Machine,preacher machine
1522,Heavy Bag,heavy bag
1307,Ring Pull Up,ring pull up
1002,Hip Flexor Stretch,hip flexor stretch
640,Pullover,pullover
293,Dragon Flag,dragon flag
1640,Dumbell Push Jerk,dumbell push jerk
582,Bear Complex,bear complex
792,Trap Bar Shrug,trap bar shrug
1006,Block Press,block press
952,Lat Pullover Cable,lat pullover cable
1269,Cat-Cow Stretch,cat cow stretch
654,Decline Skull Crushers,decline skull crushers
489,Zone 2ish Cardio For 45 Minutes Or So,zone 2ish cardio for 45 minutes or so
800,Single Arm Diagonal Pulldown (Machine),single arm diagonal pulldown
1063,Wood Chopper,wood chopper
1566,SSB Walk For Time,ssb walk for time
1245,8 Minute Core Routine,8 minute core routine
1631,Bear Position Pull Through,bear position pull through
324,Cable Wood Choppers,cable wood choppers
136,Ring Pull Ups,ring pull ups
900,Placeholder,placeholder
1103,Vertical traction,vertical traction
778,Sled Push/Pull,sled push pull
1755,Push Up Pyramid,push up pyramid
1062,Hip Airplane,hip airplane
711,Light Hammer,light hammer
1267,Tree Pose,tree pose
237,Pullover (Machine),pullover
472,Shoulder YTWL,shoulder ytwl
651,Cable Pronations,cable pronations
1560,Cable Rotation,cable rotation
532,Hamstring Scoops,hamstring scoops
1564,Farmer’s Walk For Time,farmer s walk for time
282,Block Pull (Barbell),block pull
686,Dumbbell RDL,dumbbell rdl
1472,Pull On Ball Exercise,pull on ball exercise
1356,Narrow Neutral Pulldown,narrow neutral pulldown
1162,Suitcase Deadlift,suitcase deadlift
1397,Rope Curl,rope curl
576,Guillotine Press,guillotine press
874,Z Press,z press
1529,Reverse Pushdown,reverse pushdown
1258,Kelso Shrugs,kelso shrugs
795,Rear Foot Elevated Straight Leg Deadlift (Dumbbell),rear foot elevated straight leg deadlift
1644,L-Sit Progression,l sit progression
1727,High To Low Cable Flyes,high to low cable flyes
147,Suitcase Carry,suitcase carry
1273,Single-Leg Stretch,single leg stretch
1608,Coffin Press Dumbbell,coffin press dumbbell
1333,Lat Pullover Machine,lat pullover machine
1350,Zercher Deadlift,zercher deadlift
1171,zercher deadlift,zercher deadlift
504,Banded Pull Apart,banded pull apart
794,Chest To Bar Pull-ups,chest to bar pull ups
261,Seated Overhead Extension (EZ Bar),seated overhead extension
1770,Ring Knee Tucks,ring knee tucks
748,Kettlebell Gorilla Row,kettlebell gorilla row
1016,Kneeling Single-Arm Diagonal Pulldown,kneeling single arm diagonal pulldown
1341,Two Phase Pull,two phase pull
902,Hip Flexor Raise,hip flexor raise
1187,Pull Apart (Cable),pull apart
1603,Weighted Roman Chair Setup,weighted roman chair setup
1048,Adductor Dynamic Plank,adductor dynamic plank
812,Seated Good morning,seated good morning
487,Landmine Kneeling Press,landmine kneeling press
878,Reverse Pecdec Fly,reverse pecdec fly
542,Hip Circles,hip circles
1294,Cable Shrugs,cable shrugs
1784,Bent Over Cable Pec Flye,bent over cable pec flye
1594,Straight-Arm Pushdown,straight arm pushdown
403,Viking Press,viking press
695,Deficit Romanian Deadlift (Barbell),deficit romanian deadlift
383,Close Grip Larsen Press,close grip larsen press
544,Pogo Progession,pogo progession
1010,Deadlift (Banded),deadlift
1045,Yoke,yoke
1715,RP Seated Hamstring Curls,rp seated hamstring curls
93,Skull Crusher (Barbell),skull crusher
1748,Shoulder Banded Rotations,shoulder banded rotations
1398,Weighted Sit Ups,weighted sit ups
1758,Deadlift,deadlift
1122,Neutral Grip Bench,neutral grip bench
596,Snatch (Kettlebell),snatch
1430,Flex - Single Leg Compound (Placeholder),flex single leg compound
536,Explosive Carioca,explosive carioca
1268,Triangle Pose,triangle pose
1806,45 Degree Incline DB Press,45 degree incline db press
1512,Machine Flat Press,machine flat press
1735,Broad Jumps,broad jumps
966,Dumbbell Swing,dumbbell swing
1163,Ring Push Up (Weighted),ring push up
1426,Strength - Quad Compound (Placeholder),strength quad compound
661,AD Press,ad press
863,Sled,sled
1570,Halting Deadlift,halting deadlift
1278,Heel-to-Toe Walk,heel to toe walk
303,"Lateral Pullover, Rope",lateral pullover rope
1396,Unilateral Low Cable Fly,unilateral low cable fly
1222,"Flat Dumbbell Press (12,10,8,6,4)",flat dumbbell press
599,Jefferson curl,jefferson curl
1220,Seated Abductor Machine (15-20),seated abductor machine
1565,Omnidirectional Sled Drag For Time,omnidirectional sled drag for time
538,Heel-to-Toe Walk (With Momentum),heel to toe walk
1563,Front Carry For Time,front carry for time
1540,Medicine Ball Pushups,medicine ball pushups
1677,Pushup,pushup
1159,Deficit Reverse Lunge,deficit reverse lunge
568,Treadmill,treadmill
537,Heel-to-Toe Walk (No Momentum),heel to toe walk
828,High Incline DB Press,high incline db press
687,Lat Pullover,lat pullover
1367,Lying Sit Up,lying sit up
736,Lateral Banded Walk,lateral banded walk
908,Shoulder Complex (Dumbbell),shoulder complex
312,Overhead Extension (EZ Bar),overhead extension
1121,One Arm  Pullup Test,one arm pullup test
1417,Rest Pause - Hamstring Isolation (Placeholder),rest pause hamstring isolation
1531,Lat Machine,lat machine
1402,Pronation,pronation
1459,Forward Sled,forward sled
1228,"Pull Down (12,10,8,6,4)",pull down
200,Modified Dragon Fly,modified dragon fly
1283,Leg Swings,leg swings
1255,Hack Deadlift,hack deadlift
171,Inchworm Walkout,inchworm walkout
425,Lying Face Pull (Rope),lying face pull
1649,Doorway Stretch,doorway stretch
377,Flat Dumbbell Press,flat dumbbell press
1521,Leg Pres (Low Pad),leg pres
1763,Smith Good Morning,smith good morning
910,Standing wall angel,standing wall angel
53,Skull Crusher,skull crusher
590,Ruck March,ruck march
1427,Rest Pause - Quad Isolation (Placeholder),rest pause quad isolation
430,Arms-Extended 45° Hyperextension,arms extended 45 hyperextension
805,Seated French Press (Dumbbell),seated french press
433,Reverse Flye (Cable),reverse flye
1785,Cable Reverse Flye,cable reverse flye
